Mesh,Relative_Error
coarse,12.574723200826659
medium,4.0777691513143415
fine,1.247497041253719
